Comunidades y Ciudades Autónomas;Nacionalidad;Periodo;Total
Total Nacional;Ambas nacionalidades;2024;6,49
Total Nacional;Ambas nacionalidades;2023;6,61
Total Nacional;Ambas nacionalidades;2022;6,88
Total Nacional;Ambas nacionalidades;2021;7,1
Total Nacional;Ambas nacionalidades;2020;7,19
Total Nacional;Ambas nacionalidades;2019;7,62
Total Nacional;Ambas nacionalidades;2018;7,94
Total Nacional;Ambas nacionalidades;2017;8,41
Total Nacional;Ambas nacionalidades;2016;8,8
Total Nacional;Ambas nacionalidades;2015;9,02
Total Nacional;Ambas nacionalidades;2014;9,18
Total Nacional;Ambas nacionalidades;2013;9,11
Total Nacional;Ambas nacionalidades;2012;9,7
Total Nacional;Ambas nacionalidades;2011;10,07
Total Nacional;Ambas nacionalidades;2010;10,42
Total Nacional;Ambas nacionalidades;2009;10,65
Total Nacional;Ambas nacionalidades;2008;11,28
Total Nacional;Ambas nacionalidades;2007;10,86
Total Nacional;Ambas nacionalidades;2006;10,85
Total Nacional;Ambas nacionalidades;2005;10,65
Total Nacional;Ambas nacionalidades;2004;10,57
Total Nacional;Ambas nacionalidades;2003;10,44
Total Nacional;Ambas nacionalidades;2002;10,08
Total Nacional;Española;2024;5,61
Total Nacional;Española;2023;5,76
Total Nacional;Española;2022;6,03
Total Nacional;Española;2021;6,31
Total Nacional;Española;2020;6,29
Total Nacional;Española;2019;6,65
Total Nacional;Española;2018;7,02
Total Nacional;Española;2017;7,53
Total Nacional;Española;2016;7,95
Total Nacional;Española;2015;8,21
Total Nacional;Española;2014;8,38
Total Nacional;Española;2013;8,3
Total Nacional;Española;2012;8,82
Total Nacional;Española;2011;9,16
Total Nacional;Española;2010;9,38
Total Nacional;Española;2009;9,58
Total Nacional;Española;2008;10,1
Total Nacional;Española;2007;9,86
Total Nacional;Española;2006;10,02
Total Nacional;Española;2005;9,91
Total Nacional;Española;2004;9,86
Total Nacional;Española;2003;9,8
Total Nacional;Española;2002;9,51
Total Nacional;Extranjera;2024;12,04
Total Nacional;Extranjera;2023;12,35
Total Nacional;Extranjera;2022;13,01
Total Nacional;Extranjera;2021;13,18
Total Nacional;Extranjera;2020;14,34
Total Nacional;Extranjera;2019;15,68
Total Nacional;Extranjera;2018;16,21
Total Nacional;Extranjera;2017;16,72
Total Nacional;Extranjera;2016;16,96
Total Nacional;Extranjera;2015;16,7
Total Nacional;Extranjera;2014;16,59
Total Nacional;Extranjera;2013;16,05
Total Nacional;Extranjera;2012;16,82
Total Nacional;Extranjera;2011;17,24
Total Nacional;Extranjera;2010;18,46
Total Nacional;Extranjera;2009;18,69
Total Nacional;Extranjera;2008;20,34
Total Nacional;Extranjera;2007;19,27
Total Nacional;Extranjera;2006;18,86
Total Nacional;Extranjera;2005;18,57
Total Nacional;Extranjera;2004;19,74
Total Nacional;Extranjera;2003;19,99
Total Nacional;Extranjera;2002;21,02
01 Andalucía;Ambas nacionalidades;2024;6,95
01 Andalucía;Ambas nacionalidades;2023;7,13
01 Andalucía;Ambas nacionalidades;2022;7,37
01 Andalucía;Ambas nacionalidades;2021;7,73
01 Andalucía;Ambas nacionalidades;2020;7,74
01 Andalucía;Ambas nacionalidades;2019;8,23
01 Andalucía;Ambas nacionalidades;2018;8,46
01 Andalucía;Ambas nacionalidades;2017;8,9
01 Andalucía;Ambas nacionalidades;2016;9,45
01 Andalucía;Ambas nacionalidades;2015;9,62
01 Andalucía;Ambas nacionalidades;2014;9,81
01 Andalucía;Ambas nacionalidades;2013;9,72
01 Andalucía;Ambas nacionalidades;2012;10,31
01 Andalucía;Ambas nacionalidades;2011;10,72
01 Andalucía;Ambas nacionalidades;2010;11,1
01 Andalucía;Ambas nacionalidades;2009;11,48
01 Andalucía;Ambas nacionalidades;2008;12,28
01 Andalucía;Ambas nacionalidades;2007;11,93
01 Andalucía;Ambas nacionalidades;2006;12,03
01 Andalucía;Ambas nacionalidades;2005;11,76
01 Andalucía;Ambas nacionalidades;2004;11,64
01 Andalucía;Ambas nacionalidades;2003;11,42
01 Andalucía;Ambas nacionalidades;2002;11,01
01 Andalucía;Española;2024;6,45
01 Andalucía;Española;2023;6,64
01 Andalucía;Española;2022;6,9
01 Andalucía;Española;2021;7,29
01 Andalucía;Española;2020;7,22
01 Andalucía;Española;2019;7,66
01 Andalucía;Española;2018;7,95
01 Andalucía;Española;2017;8,43
01 Andalucía;Española;2016;8,98
01 Andalucía;Española;2015;9,19
01 Andalucía;Española;2014;9,4
01 Andalucía;Española;2013;9,3
01 Andalucía;Española;2012;9,87
01 Andalucía;Española;2011;10,25
01 Andalucía;Española;2010;10,56
01 Andalucía;Española;2009;10,91
01 Andalucía;Española;2008;11,65
01 Andalucía;Española;2007;11,39
01 Andalucía;Española;2006;11,65
01 Andalucía;Española;2005;11,46
01 Andalucía;Española;2004;11,27
01 Andalucía;Española;2003;11,13
01 Andalucía;Española;2002;10,78
01 Andalucía;Extranjera;2024;11,35
01 Andalucía;Extranjera;2023;11,76
01 Andalucía;Extranjera;2022;12,08
01 Andalucía;Extranjera;2021;12,37
01 Andalucía;Extranjera;2020;13,5
01 Andalucía;Extranjera;2019;14,94
01 Andalucía;Extranjera;2018;14,9
01 Andalucía;Extranjera;2017;14,9
01 Andalucía;Extranjera;2016;15,32
01 Andalucía;Extranjera;2015;14,95
01 Andalucía;Extranjera;2014;14,86
01 Andalucía;Extranjera;2013;14,76
01 Andalucía;Extranjera;2012;15,46
01 Andalucía;Extranjera;2011;16,29
01 Andalucía;Extranjera;2010;17,46
01 Andalucía;Extranjera;2009;18,17
01 Andalucía;Extranjera;2008;19,94
01 Andalucía;Extranjera;2007;19,19
01 Andalucía;Extranjera;2006;17,77
01 Andalucía;Extranjera;2005;17
01 Andalucía;Extranjera;2004;19,56
01 Andalucía;Extranjera;2003;18,52
01 Andalucía;Extranjera;2002;17,96
02 Aragón;Ambas nacionalidades;2024;6,33
02 Aragón;Ambas nacionalidades;2023;6,44
02 Aragón;Ambas nacionalidades;2022;6,73
02 Aragón;Ambas nacionalidades;2021;7,11
02 Aragón;Ambas nacionalidades;2020;6,83
02 Aragón;Ambas nacionalidades;2019;7,28
02 Aragón;Ambas nacionalidades;2018;7,58
02 Aragón;Ambas nacionalidades;2017;8,01
02 Aragón;Ambas nacionalidades;2016;8,3
02 Aragón;Ambas nacionalidades;2015;8,59
02 Aragón;Ambas nacionalidades;2014;8,74
02 Aragón;Ambas nacionalidades;2013;8,74
02 Aragón;Ambas nacionalidades;2012;8,94
02 Aragón;Ambas nacionalidades;2011;9,38
02 Aragón;Ambas nacionalidades;2010;9,63
02 Aragón;Ambas nacionalidades;2009;9,72
02 Aragón;Ambas nacionalidades;2008;10,23
02 Aragón;Ambas nacionalidades;2007;9,82
02 Aragón;Ambas nacionalidades;2006;9,57
02 Aragón;Ambas nacionalidades;2005;9,2
02 Aragón;Ambas nacionalidades;2004;9,21
02 Aragón;Ambas nacionalidades;2003;8,93
02 Aragón;Ambas nacionalidades;2002;8,51
02 Aragón;Española;2024;5,27
02 Aragón;Española;2023;5,38
02 Aragón;Española;2022;5,79
02 Aragón;Española;2021;6,1
02 Aragón;Española;2020;5,77
02 Aragón;Española;2019;6,15
02 Aragón;Española;2018;6,42
02 Aragón;Española;2017;6,92
02 Aragón;Española;2016;7,19
02 Aragón;Española;2015;7,61
02 Aragón;Española;2014;7,7
02 Aragón;Española;2013;7,71
02 Aragón;Española;2012;7,82
02 Aragón;Española;2011;8,21
02 Aragón;Española;2010;8,23
02 Aragón;Española;2009;8,29
02 Aragón;Española;2008;8,7
02 Aragón;Española;2007;8,6
02 Aragón;Española;2006;8,54
02 Aragón;Española;2005;8,36
02 Aragón;Española;2004;8,46
02 Aragón;Española;2003;8,18
02 Aragón;Española;2002;7,95
02 Aragón;Extranjera;2024;12,58
02 Aragón;Extranjera;2023;13,05
02 Aragón;Extranjera;2022;13,04
02 Aragón;Extranjera;2021;14,22
02 Aragón;Extranjera;2020;14,27
02 Aragón;Extranjera;2019;15,75
02 Aragón;Extranjera;2018;16,97
02 Aragón;Extranjera;2017;17
02 Aragón;Extranjera;2016;17,71
02 Aragón;Extranjera;2015;16,72
02 Aragón;Extranjera;2014;17,07
02 Aragón;Extranjera;2013;16,55
02 Aragón;Extranjera;2012;17,06
02 Aragón;Extranjera;2011;17,7
02 Aragón;Extranjera;2010;19,44
02 Aragón;Extranjera;2009;19,45
02 Aragón;Extranjera;2008;21,13
02 Aragón;Extranjera;2007;20,02
02 Aragón;Extranjera;2006;19,98
02 Aragón;Extranjera;2005;19,11
02 Aragón;Extranjera;2004;20,11
02 Aragón;Extranjera;2003;22,05
02 Aragón;Extranjera;2002;20,93
03 Asturias, Principado de;Ambas nacionalidades;2024;4,48
03 Asturias, Principado de;Ambas nacionalidades;2023;4,51
03 Asturias, Principado de;Ambas nacionalidades;2022;4,72
03 Asturias, Principado de;Ambas nacionalidades;2021;4,74
03 Asturias, Principado de;Ambas nacionalidades;2020;4,7
03 Asturias, Principado de;Ambas nacionalidades;2019;5,05
03 Asturias, Principado de;Ambas nacionalidades;2018;5,6
03 Asturias, Principado de;Ambas nacionalidades;2017;5,84
03 Asturias, Principado de;Ambas nacionalidades;2016;6,12
03 Asturias, Principado de;Ambas nacionalidades;2015;6,19
03 Asturias, Principado de;Ambas nacionalidades;2014;6,26
03 Asturias, Principado de;Ambas nacionalidades;2013;6,28
03 Asturias, Principado de;Ambas nacionalidades;2012;7,12
03 Asturias, Principado de;Ambas nacionalidades;2011;7,24
03 Asturias, Principado de;Ambas nacionalidades;2010;7,21
03 Asturias, Principado de;Ambas nacionalidades;2009;7,63
03 Asturias, Principado de;Ambas nacionalidades;2008;7,65
03 Asturias, Principado de;Ambas nacionalidades;2007;7,33
03 Asturias, Principado de;Ambas nacionalidades;2006;7,14
03 Asturias, Principado de;Ambas nacionalidades;2005;7,04
03 Asturias, Principado de;Ambas nacionalidades;2004;6,8
03 Asturias, Principado de;Ambas nacionalidades;2003;6,69
03 Asturias, Principado de;Ambas nacionalidades;2002;6,34
03 Asturias, Principado de;Española;2024;4
03 Asturias, Principado de;Española;2023;4,06
03 Asturias, Principado de;Española;2022;4,24
03 Asturias, Principado de;Española;2021;4,4
03 Asturias, Principado de;Española;2020;4,29
03 Asturias, Principado de;Española;2019;4,64
03 Asturias, Principado de;Española;2018;5,2
03 Asturias, Principado de;Española;2017;5,49
03 Asturias, Principado de;Española;2016;5,77
03 Asturias, Principado de;Española;2015;5,84
03 Asturias, Principado de;Española;2014;5,96
03 Asturias, Principado de;Española;2013;5,92
03 Asturias, Principado de;Española;2012;6,75
03 Asturias, Principado de;Española;2011;6,84
03 Asturias, Principado de;Española;2010;6,77
03 Asturias, Principado de;Española;2009;7,2
03 Asturias, Principado de;Española;2008;7,22
03 Asturias, Principado de;Española;2007;6,97
03 Asturias, Principado de;Española;2006;6,86
03 Asturias, Principado de;Española;2005;6,73
03 Asturias, Principado de;Española;2004;6,54
03 Asturias, Principado de;Española;2003;6,46
03 Asturias, Principado de;Española;2002;6,17
03 Asturias, Principado de;Extranjera;2024;11,55
03 Asturias, Principado de;Extranjera;2023;12,01
03 Asturias, Principado de;Extranjera;2022;13,94
03 Asturias, Principado de;Extranjera;2021;12,02
03 Asturias, Principado de;Extranjera;2020;13,75
03 Asturias, Principado de;Extranjera;2019;14,87
03 Asturias, Principado de;Extranjera;2018;15,77
03 Asturias, Principado de;Extranjera;2017;15,03
03 Asturias, Principado de;Extranjera;2016;15,47
03 Asturias, Principado de;Extranjera;2015;15,25
03 Asturias, Principado de;Extranjera;2014;13,98
03 Asturias, Principado de;Extranjera;2013;14,53
03 Asturias, Principado de;Extranjera;2012;15,19
03 Asturias, Principado de;Extranjera;2011;15,85
03 Asturias, Principado de;Extranjera;2010;17,03
03 Asturias, Principado de;Extranjera;2009;17,28
03 Asturias, Principado de;Extranjera;2008;18,34
03 Asturias, Principado de;Extranjera;2007;18,09
03 Asturias, Principado de;Extranjera;2006;17,1
03 Asturias, Principado de;Extranjera;2005;19,08
03 Asturias, Principado de;Extranjera;2004;18,28
03 Asturias, Principado de;Extranjera;2003;18,39
03 Asturias, Principado de;Extranjera;2002;17,1
04 Balears, Illes;Ambas nacionalidades;2024;7,31
04 Balears, Illes;Ambas nacionalidades;2023;7,16
04 Balears, Illes;Ambas nacionalidades;2022;7,58
04 Balears, Illes;Ambas nacionalidades;2021;8,03
04 Balears, Illes;Ambas nacionalidades;2020;8,02
04 Balears, Illes;Ambas nacionalidades;2019;8,3
04 Balears, Illes;Ambas nacionalidades;2018;8,96
04 Balears, Illes;Ambas nacionalidades;2017;9,07
04 Balears, Illes;Ambas nacionalidades;2016;9,45
04 Balears, Illes;Ambas nacionalidades;2015;9,52
04 Balears, Illes;Ambas nacionalidades;2014;9,63
04 Balears, Illes;Ambas nacionalidades;2013;9,52
04 Balears, Illes;Ambas nacionalidades;2012;9,99
04 Balears, Illes;Ambas nacionalidades;2011;10,28
04 Balears, Illes;Ambas nacionalidades;2010;11
04 Balears, Illes;Ambas nacionalidades;2009;11,17
04 Balears, Illes;Ambas nacionalidades;2008;12,02
04 Balears, Illes;Ambas nacionalidades;2007;11,62
04 Balears, Illes;Ambas nacionalidades;2006;11,83
04 Balears, Illes;Ambas nacionalidades;2005;11,44
04 Balears, Illes;Ambas nacionalidades;2004;11,68
04 Balears, Illes;Ambas nacionalidades;2003;11,86
04 Balears, Illes;Ambas nacionalidades;2002;12,03
04 Balears, Illes;Española;2024;6,08
04 Balears, Illes;Española;2023;6,05
04 Balears, Illes;Española;2022;6,38
04 Balears, Illes;Española;2021;6,95
04 Balears, Illes;Española;2020;6,76
04 Balears, Illes;Española;2019;6,88
04 Balears, Illes;Española;2018;7,67
04 Balears, Illes;Española;2017;7,84
04 Balears, Illes;Española;2016;8,28
04 Balears, Illes;Española;2015;8,49
04 Balears, Illes;Española;2014;8,7
04 Balears, Illes;Española;2013;8,39
04 Balears, Illes;Española;2012;8,81
04 Balears, Illes;Española;2011;9,15
04 Balears, Illes;Española;2010;9,58
04 Balears, Illes;Española;2009;9,52
04 Balears, Illes;Española;2008;10,33
04 Balears, Illes;Española;2007;10,34
04 Balears, Illes;Española;2006;10,64
04 Balears, Illes;Española;2005;10,32
04 Balears, Illes;Española;2004;10,67
04 Balears, Illes;Española;2003;10,82
04 Balears, Illes;Española;2002;11,01
04 Balears, Illes;Extranjera;2024;11,81
04 Balears, Illes;Extranjera;2023;11,38
04 Balears, Illes;Extranjera;2022;12,36
04 Balears, Illes;Extranjera;2021;12,55
04 Balears, Illes;Extranjera;2020;13,29
04 Balears, Illes;Extranjera;2019;14,49
04 Balears, Illes;Extranjera;2018;14,8
04 Balears, Illes;Extranjera;2017;14,89
04 Balears, Illes;Extranjera;2016;15
04 Balears, Illes;Extranjera;2015;14,29
04 Balears, Illes;Extranjera;2014;13,87
04 Balears, Illes;Extranjera;2013;14,33
04 Balears, Illes;Extranjera;2012;14,76
04 Balears, Illes;Extranjera;2011;14,73
04 Balears, Illes;Extranjera;2010;16,42
04 Balears, Illes;Extranjera;2009;17,35
04 Balears, Illes;Extranjera;2008;18,58
04 Balears, Illes;Extranjera;2007;17,02
04 Balears, Illes;Extranjera;2006;17,45
04 Balears, Illes;Extranjera;2005;17,45
04 Balears, Illes;Extranjera;2004;17,91
04 Balears, Illes;Extranjera;2003;19,19
04 Balears, Illes;Extranjera;2002;21,18
05 Canarias;Ambas nacionalidades;2024;5,2
05 Canarias;Ambas nacionalidades;2023;5,39
05 Canarias;Ambas nacionalidades;2022;5,56
05 Canarias;Ambas nacionalidades;2021;5,83
05 Canarias;Ambas nacionalidades;2020;6,04
05 Canarias;Ambas nacionalidades;2019;6,54
05 Canarias;Ambas nacionalidades;2018;6,91
05 Canarias;Ambas nacionalidades;2017;7,44
05 Canarias;Ambas nacionalidades;2016;7,67
05 Canarias;Ambas nacionalidades;2015;7,69
05 Canarias;Ambas nacionalidades;2014;7,82
05 Canarias;Ambas nacionalidades;2013;7,57
05 Canarias;Ambas nacionalidades;2012;8,24
05 Canarias;Ambas nacionalidades;2011;8,4
05 Canarias;Ambas nacionalidades;2010;8,92
05 Canarias;Ambas nacionalidades;2009;9,32
05 Canarias;Ambas nacionalidades;2008;10,28
05 Canarias;Ambas nacionalidades;2007;10,03
05 Canarias;Ambas nacionalidades;2006;10,75
05 Canarias;Ambas nacionalidades;2005;10,73
05 Canarias;Ambas nacionalidades;2004;10,51
05 Canarias;Ambas nacionalidades;2003;10,83
05 Canarias;Ambas nacionalidades;2002;11,24
05 Canarias;Española;2024;4,68
05 Canarias;Española;2023;4,88
05 Canarias;Española;2022;5,04
05 Canarias;Española;2021;5,36
05 Canarias;Española;2020;5,46
05 Canarias;Española;2019;5,94
05 Canarias;Española;2018;6,35
05 Canarias;Española;2017;6,94
05 Canarias;Española;2016;7,2
05 Canarias;Española;2015;7,27
05 Canarias;Española;2014;7,44
05 Canarias;Española;2013;7,22
05 Canarias;Española;2012;7,78
05 Canarias;Española;2011;7,97
05 Canarias;Española;2010;8,38
05 Canarias;Española;2009;8,7
05 Canarias;Española;2008;9,65
05 Canarias;Española;2007;9,57
05 Canarias;Española;2006;10,3
05 Canarias;Española;2005;10,29
05 Canarias;Española;2004;10,18
05 Canarias;Española;2003;10,47
05 Canarias;Española;2002;10,76
05 Canarias;Extranjera;2024;8,15
05 Canarias;Extranjera;2023;8,39
05 Canarias;Extranjera;2022;8,76
05 Canarias;Extranjera;2021;8,9
05 Canarias;Extranjera;2020;9,83
05 Canarias;Extranjera;2019;10,5
05 Canarias;Extranjera;2018;10,8
05 Canarias;Extranjera;2017;11,13
05 Canarias;Extranjera;2016;11,22
05 Canarias;Extranjera;2015;10,8
05 Canarias;Extranjera;2014;10,57
05 Canarias;Extranjera;2013;9,93
05 Canarias;Extranjera;2012;11,28
05 Canarias;Extranjera;2011;11,18
05 Canarias;Extranjera;2010;12,36
05 Canarias;Extranjera;2009;13,26
05 Canarias;Extranjera;2008;14,4
05 Canarias;Extranjera;2007;13,24
05 Canarias;Extranjera;2006;14,25
05 Canarias;Extranjera;2005;14,37
05 Canarias;Extranjera;2004;13,67
05 Canarias;Extranjera;2003;14,76
05 Canarias;Extranjera;2002;17,53
06 Cantabria;Ambas nacionalidades;2024;5,09
06 Cantabria;Ambas nacionalidades;2023;5,05
06 Cantabria;Ambas nacionalidades;2022;5,49
06 Cantabria;Ambas nacionalidades;2021;5,61
06 Cantabria;Ambas nacionalidades;2020;5,84
06 Cantabria;Ambas nacionalidades;2019;6,09
06 Cantabria;Ambas nacionalidades;2018;6,55
06 Cantabria;Ambas nacionalidades;2017;7,09
06 Cantabria;Ambas nacionalidades;2016;7,3
06 Cantabria;Ambas nacionalidades;2015;7,5
06 Cantabria;Ambas nacionalidades;2014;7,79
06 Cantabria;Ambas nacionalidades;2013;8,21
06 Cantabria;Ambas nacionalidades;2012;8,57
06 Cantabria;Ambas nacionalidades;2011;9,03
06 Cantabria;Ambas nacionalidades;2010;9,46
06 Cantabria;Ambas nacionalidades;2009;9,58
06 Cantabria;Ambas nacionalidades;2008;10,13
06 Cantabria;Ambas nacionalidades;2007;9,39
06 Cantabria;Ambas nacionalidades;2006;9,27
06 Cantabria;Ambas nacionalidades;2005;9,44
06 Cantabria;Ambas nacionalidades;2004;9,18
06 Cantabria;Ambas nacionalidades;2003;8,94
06 Cantabria;Ambas nacionalidades;2002;8,47
06 Cantabria;Española;2024;4,59
06 Cantabria;Española;2023;4,55
06 Cantabria;Española;2022;5,05
06 Cantabria;Española;2021;5,22
06 Cantabria;Española;2020;5,37
06 Cantabria;Española;2019;5,6
06 Cantabria;Española;2018;6,1
06 Cantabria;Española;2017;6,68
06 Cantabria;Española;2016;6,89
06 Cantabria;Española;2015;7,08
06 Cantabria;Española;2014;7,37
06 Cantabria;Española;2013;7,82
06 Cantabria;Española;2012;8,1
06 Cantabria;Española;2011;8,51
06 Cantabria;Española;2010;8,89
06 Cantabria;Española;2009;8,97
06 Cantabria;Española;2008;9,5
06 Cantabria;Española;2007;8,8
06 Cantabria;Española;2006;8,89
06 Cantabria;Española;2005;9,09
06 Cantabria;Española;2004;8,84
06 Cantabria;Española;2003;8,66
06 Cantabria;Española;2002;8,2
06 Cantabria;Extranjera;2024;10,93
06 Cantabria;Extranjera;2023;11,31
06 Cantabria;Extranjera;2022;11,72
06 Cantabria;Extranjera;2021;11,49
06 Cantabria;Extranjera;2020;13,09
06 Cantabria;Extranjera;2019;14,11
06 Cantabria;Extranjera;2018;14,35
06 Cantabria;Extranjera;2017;14,57
06 Cantabria;Extranjera;2016;15,02
06 Cantabria;Extranjera;2015;15,24
06 Cantabria;Extranjera;2014;15,22
06 Cantabria;Extranjera;2013;14,53
06 Cantabria;Extranjera;2012;15,63
06 Cantabria;Extranjera;2011;16,71
06 Cantabria;Extranjera;2010;17,79
06 Cantabria;Extranjera;2009;18,49
06 Cantabria;Extranjera;2008;20,08
06 Cantabria;Extranjera;2007;20,36
06 Cantabria;Extranjera;2006;17,86
06 Cantabria;Extranjera;2005;18,22
06 Cantabria;Extranjera;2004;19,76
06 Cantabria;Extranjera;2003;19,13
06 Cantabria;Extranjera;2002;20,86
07 Castilla y León;Ambas nacionalidades;2024;5,23
07 Castilla y León;Ambas nacionalidades;2023;5,23
07 Castilla y León;Ambas nacionalidades;2022;5,52
07 Castilla y León;Ambas nacionalidades;2021;5,5
07 Castilla y León;Ambas nacionalidades;2020;5,71
07 Castilla y León;Ambas nacionalidades;2019;5,97
07 Castilla y León;Ambas nacionalidades;2018;6,25
07 Castilla y León;Ambas nacionalidades;2017;6,4
07 Castilla y León;Ambas nacionalidades;2016;6,83
07 Castilla y León;Ambas nacionalidades;2015;7,06
07 Castilla y León;Ambas nacionalidades;2014;7,2
07 Castilla y León;Ambas nacionalidades;2013;7,12
07 Castilla y León;Ambas nacionalidades;2012;7,54
07 Castilla y León;Ambas nacionalidades;2011;7,82
07 Castilla y León;Ambas nacionalidades;2010;8,05
07 Castilla y León;Ambas nacionalidades;2009;8,01
07 Castilla y León;Ambas nacionalidades;2008;8,37
07 Castilla y León;Ambas nacionalidades;2007;7,94
07 Castilla y León;Ambas nacionalidades;2006;7,9
07 Castilla y León;Ambas nacionalidades;2005;7,81
07 Castilla y León;Ambas nacionalidades;2004;7,64
07 Castilla y León;Ambas nacionalidades;2003;7,54
07 Castilla y León;Ambas nacionalidades;2002;7,36
07 Castilla y León;Española;2024;4,57
07 Castilla y León;Española;2023;4,64
07 Castilla y León;Española;2022;4,91
07 Castilla y León;Española;2021;4,99
07 Castilla y León;Española;2020;5,11
07 Castilla y León;Española;2019;5,33
07 Castilla y León;Española;2018;5,69
07 Castilla y León;Española;2017;5,88
07 Castilla y León;Española;2016;6,34
07 Castilla y León;Española;2015;6,54
07 Castilla y León;Española;2014;6,71
07 Castilla y León;Española;2013;6,61
07 Castilla y León;Española;2012;6,96
07 Castilla y León;Española;2011;7,18
07 Castilla y León;Española;2010;7,32
07 Castilla y León;Española;2009;7,28
07 Castilla y León;Española;2008;7,55
07 Castilla y León;Española;2007;7,29
07 Castilla y León;Española;2006;7,34
07 Castilla y León;Española;2005;7,34
07 Castilla y León;Española;2004;7,24
07 Castilla y León;Española;2003;7,19
07 Castilla y León;Española;2002;7,07
07 Castilla y León;Extranjera;2024;12,81
07 Castilla y León;Extranjera;2023;12,73
07 Castilla y León;Extranjera;2022;14,17
07 Castilla y León;Extranjera;2021;13,33
07 Castilla y León;Extranjera;2020;15,17
07 Castilla y León;Extranjera;2019;16,66
07 Castilla y León;Extranjera;2018;16,09
07 Castilla y León;Extranjera;2017;16,04
07 Castilla y León;Extranjera;2016;15,7
07 Castilla y León;Extranjera;2015;16,27
07 Castilla y León;Extranjera;2014;15,63
07 Castilla y León;Extranjera;2013;15,1
07 Castilla y León;Extranjera;2012;16,24
07 Castilla y León;Extranjera;2011;17,13
07 Castilla y León;Extranjera;2010;18,56
07 Castilla y León;Extranjera;2009;18,64
07 Castilla y León;Extranjera;2008;20,58
07 Castilla y León;Extranjera;2007;19,13
07 Castilla y León;Extranjera;2006;19,96
07 Castilla y León;Extranjera;2005;19,56
07 Castilla y León;Extranjera;2004;19,87
07 Castilla y León;Extranjera;2003;20,61
07 Castilla y León;Extranjera;2002;21,12
08 Castilla - La Mancha;Ambas nacionalidades;2024;6,71
08 Castilla - La Mancha;Ambas nacionalidades;2023;6,72
08 Castilla - La Mancha;Ambas nacionalidades;2022;7,01
08 Castilla - La Mancha;Ambas nacionalidades;2021;7,07
08 Castilla - La Mancha;Ambas nacionalidades;2020;7,2
08 Castilla - La Mancha;Ambas nacionalidades;2019;7,51
08 Castilla - La Mancha;Ambas nacionalidades;2018;7,8
08 Castilla - La Mancha;Ambas nacionalidades;2017;8,29
08 Castilla - La Mancha;Ambas nacionalidades;2016;8,71
08 Castilla - La Mancha;Ambas nacionalidades;2015;8,87
08 Castilla - La Mancha;Ambas nacionalidades;2014;8,9
08 Castilla - La Mancha;Ambas nacionalidades;2013;9,15
08 Castilla - La Mancha;Ambas nacionalidades;2012;9,71
08 Castilla - La Mancha;Ambas nacionalidades;2011;10,16
08 Castilla - La Mancha;Ambas nacionalidades;2010;10,52
08 Castilla - La Mancha;Ambas nacionalidades;2009;10,75
08 Castilla - La Mancha;Ambas nacionalidades;2008;11,24
08 Castilla - La Mancha;Ambas nacionalidades;2007;10,42
08 Castilla - La Mancha;Ambas nacionalidades;2006;10,5
08 Castilla - La Mancha;Ambas nacionalidades;2005;10,03
08 Castilla - La Mancha;Ambas nacionalidades;2004;10,01
08 Castilla - La Mancha;Ambas nacionalidades;2003;9,95
08 Castilla - La Mancha;Ambas nacionalidades;2002;9,63
08 Castilla - La Mancha;Española;2024;5,76
08 Castilla - La Mancha;Española;2023;5,84
08 Castilla - La Mancha;Española;2022;6,16
08 Castilla - La Mancha;Española;2021;6,3
08 Castilla - La Mancha;Española;2020;6,3
08 Castilla - La Mancha;Española;2019;6,61
08 Castilla - La Mancha;Española;2018;7
08 Castilla - La Mancha;Española;2017;7,49
08 Castilla - La Mancha;Española;2016;7,95
08 Castilla - La Mancha;Española;2015;8,17
08 Castilla - La Mancha;Española;2014;8,23
08 Castilla - La Mancha;Española;2013;8,38
08 Castilla - La Mancha;Española;2012;8,84
08 Castilla - La Mancha;Española;2011;9,22
08 Castilla - La Mancha;Española;2010;9,33
08 Castilla - La Mancha;Española;2009;9,57
08 Castilla - La Mancha;Española;2008;9,92
08 Castilla - La Mancha;Española;2007;9,35
08 Castilla - La Mancha;Española;2006;9,61
08 Castilla - La Mancha;Española;2005;9,34
08 Castilla - La Mancha;Española;2004;9,31
08 Castilla - La Mancha;Española;2003;9,38
08 Castilla - La Mancha;Española;2002;9,25
08 Castilla - La Mancha;Extranjera;2024;13,93
08 Castilla - La Mancha;Extranjera;2023;13,87
08 Castilla - La Mancha;Extranjera;2022;14,59
08 Castilla - La Mancha;Extranjera;2021;14,55
08 Castilla - La Mancha;Extranjera;2020;16,14
08 Castilla - La Mancha;Extranjera;2019;16,85
08 Castilla - La Mancha;Extranjera;2018;16,62
08 Castilla - La Mancha;Extranjera;2017;17,38
08 Castilla - La Mancha;Extranjera;2016;17,11
08 Castilla - La Mancha;Extranjera;2015;16,48
08 Castilla - La Mancha;Extranjera;2014;15,83
08 Castilla - La Mancha;Extranjera;2013;16,58
08 Castilla - La Mancha;Extranjera;2012;17,54
08 Castilla - La Mancha;Extranjera;2011;18,32
08 Castilla - La Mancha;Extranjera;2010;20,86
08 Castilla - La Mancha;Extranjera;2009;20,8
08 Castilla - La Mancha;Extranjera;2008;22,76
08 Castilla - La Mancha;Extranjera;2007;21,05
08 Castilla - La Mancha;Extranjera;2006;21,69
08 Castilla - La Mancha;Extranjera;2005;20,29
08 Castilla - La Mancha;Extranjera;2004;23,1
08 Castilla - La Mancha;Extranjera;2003;22,91
08 Castilla - La Mancha;Extranjera;2002;21,42
09 Cataluña;Ambas nacionalidades;2024;6,66
09 Cataluña;Ambas nacionalidades;2023;6,81
09 Cataluña;Ambas nacionalidades;2022;7,19
09 Cataluña;Ambas nacionalidades;2021;7,43
09 Cataluña;Ambas nacionalidades;2020;7,56
09 Cataluña;Ambas nacionalidades;2019;8,02
09 Cataluña;Ambas nacionalidades;2018;8,4
09 Cataluña;Ambas nacionalidades;2017;8,91
09 Cataluña;Ambas nacionalidades;2016;9,25
09 Cataluña;Ambas nacionalidades;2015;9,49
09 Cataluña;Ambas nacionalidades;2014;9,65
09 Cataluña;Ambas nacionalidades;2013;9,6
09 Cataluña;Ambas nacionalidades;2012;10,33
09 Cataluña;Ambas nacionalidades;2011;10,83
09 Cataluña;Ambas nacionalidades;2010;11,28
09 Cataluña;Ambas nacionalidades;2009;11,44
09 Cataluña;Ambas nacionalidades;2008;12,1
09 Cataluña;Ambas nacionalidades;2007;11,62
09 Cataluña;Ambas nacionalidades;2006;11,63
09 Cataluña;Ambas nacionalidades;2005;11,49
09 Cataluña;Ambas nacionalidades;2004;11,35
09 Cataluña;Ambas nacionalidades;2003;11,03
09 Cataluña;Ambas nacionalidades;2002;10,59
09 Cataluña;Española;2024;5,27
09 Cataluña;Española;2023;5,4
09 Cataluña;Española;2022;5,81
09 Cataluña;Española;2021;6,04
09 Cataluña;Española;2020;6,02
09 Cataluña;Española;2019;6,39
09 Cataluña;Española;2018;6,85
09 Cataluña;Española;2017;7,38
09 Cataluña;Española;2016;7,76
09 Cataluña;Española;2015;8,08
09 Cataluña;Española;2014;8,2
09 Cataluña;Española;2013;8,15
09 Cataluña;Española;2012;8,75
09 Cataluña;Española;2011;9,18
09 Cataluña;Española;2010;9,47
09 Cataluña;Española;2009;9,69
09 Cataluña;Española;2008;10,28
09 Cataluña;Española;2007;10,09
09 Cataluña;Española;2006;10,33
09 Cataluña;Española;2005;10,3
09 Cataluña;Española;2004;10,22
09 Cataluña;Española;2003;10,07
09 Cataluña;Española;2002;9,76
09 Cataluña;Extranjera;2024;12,84
09 Cataluña;Extranjera;2023;13,41
09 Cataluña;Extranjera;2022;14,15
09 Cataluña;Extranjera;2021;14,77
09 Cataluña;Extranjera;2020;15,85
09 Cataluña;Extranjera;2019;17,34
09 Cataluña;Extranjera;2018;18,08
09 Cataluña;Extranjera;2017;19,35
09 Cataluña;Extranjera;2016;19,65
09 Cataluña;Extranjera;2015;19,47
09 Cataluña;Extranjera;2014;19,65
09 Cataluña;Extranjera;2013;18,62
09 Cataluña;Extranjera;2012;19,53
09 Cataluña;Extranjera;2011;20,08
09 Cataluña;Extranjera;2010;21,19
09 Cataluña;Extranjera;2009;20,74
09 Cataluña;Extranjera;2008;22
09 Cataluña;Extranjera;2007;20,75
09 Cataluña;Extranjera;2006;20,4
09 Cataluña;Extranjera;2005;20,46
09 Cataluña;Extranjera;2004;21,5
09 Cataluña;Extranjera;2003;21,26
09 Cataluña;Extranjera;2002;22,54
10 Comunitat Valenciana;Ambas nacionalidades;2024;6,61
10 Comunitat Valenciana;Ambas nacionalidades;2023;6,72
10 Comunitat Valenciana;Ambas nacionalidades;2022;6,9
10 Comunitat Valenciana;Ambas nacionalidades;2021;7,01
10 Comunitat Valenciana;Ambas nacionalidades;2020;7,07
10 Comunitat Valenciana;Ambas nacionalidades;2019;7,44
10 Comunitat Valenciana;Ambas nacionalidades;2018;7,66
10 Comunitat Valenciana;Ambas nacionalidades;2017;8,16
10 Comunitat Valenciana;Ambas nacionalidades;2016;8,51
10 Comunitat Valenciana;Ambas nacionalidades;2015;8,8
10 Comunitat Valenciana;Ambas nacionalidades;2014;8,96
10 Comunitat Valenciana;Ambas nacionalidades;2013;8,89
10 Comunitat Valenciana;Ambas nacionalidades;2012;9,52
10 Comunitat Valenciana;Ambas nacionalidades;2011;9,89
10 Comunitat Valenciana;Ambas nacionalidades;2010;10,36
10 Comunitat Valenciana;Ambas nacionalidades;2009;10,51
10 Comunitat Valenciana;Ambas nacionalidades;2008;11,51
10 Comunitat Valenciana;Ambas nacionalidades;2007;11,19
10 Comunitat Valenciana;Ambas nacionalidades;2006;11,14
10 Comunitat Valenciana;Ambas nacionalidades;2005;10,95
10 Comunitat Valenciana;Ambas nacionalidades;2004;10,89
10 Comunitat Valenciana;Ambas nacionalidades;2003;10,8
10 Comunitat Valenciana;Ambas nacionalidades;2002;10,39
10 Comunitat Valenciana;Española;2024;5,71
10 Comunitat Valenciana;Española;2023;5,83
10 Comunitat Valenciana;Española;2022;6,1
10 Comunitat Valenciana;Española;2021;6,37
10 Comunitat Valenciana;Española;2020;6,27
10 Comunitat Valenciana;Española;2019;6,67
10 Comunitat Valenciana;Española;2018;6,9
10 Comunitat Valenciana;Española;2017;7,47
10 Comunitat Valenciana;Española;2016;7,86
10 Comunitat Valenciana;Española;2015;8,21
10 Comunitat Valenciana;Española;2014;8,39
10 Comunitat Valenciana;Española;2013;8,35
10 Comunitat Valenciana;Española;2012;8,91
10 Comunitat Valenciana;Española;2011;9,2
10 Comunitat Valenciana;Española;2010;9,55
10 Comunitat Valenciana;Española;2009;9,67
10 Comunitat Valenciana;Española;2008;10,46
10 Comunitat Valenciana;Española;2007;10,35
10 Comunitat Valenciana;Española;2006;10,44
10 Comunitat Valenciana;Española;2005;10,31
10 Comunitat Valenciana;Española;2004;10,25
10 Comunitat Valenciana;Española;2003;10,24
10 Comunitat Valenciana;Española;2002;9,9
10 Comunitat Valenciana;Extranjera;2024;10,5
10 Comunitat Valenciana;Extranjera;2023;10,86
10 Comunitat Valenciana;Extranjera;2022;11,02
10 Comunitat Valenciana;Extranjera;2021;10,62
10 Comunitat Valenciana;Extranjera;2020;11,72
10 Comunitat Valenciana;Extranjera;2019;12,17
10 Comunitat Valenciana;Extranjera;2018;12,67
10 Comunitat Valenciana;Extranjera;2017;12,8
10 Comunitat Valenciana;Extranjera;2016;12,89
10 Comunitat Valenciana;Extranjera;2015;12,73
10 Comunitat Valenciana;Extranjera;2014;12,55
10 Comunitat Valenciana;Extranjera;2013;12,18
10 Comunitat Valenciana;Extranjera;2012;13
10 Comunitat Valenciana;Extranjera;2011;13,7
10 Comunitat Valenciana;Extranjera;2010;14,79
10 Comunitat Valenciana;Extranjera;2009;14,89
10 Comunitat Valenciana;Extranjera;2008;17
10 Comunitat Valenciana;Extranjera;2007;15,9
10 Comunitat Valenciana;Extranjera;2006;15,58
10 Comunitat Valenciana;Extranjera;2005;15,53
10 Comunitat Valenciana;Extranjera;2004;16,32
10 Comunitat Valenciana;Extranjera;2003;16,53
10 Comunitat Valenciana;Extranjera;2002;17,02
11 Extremadura;Ambas nacionalidades;2024;6,2
11 Extremadura;Ambas nacionalidades;2023;6,46
11 Extremadura;Ambas nacionalidades;2022;6,46
11 Extremadura;Ambas nacionalidades;2021;6,84
11 Extremadura;Ambas nacionalidades;2020;6,95
11 Extremadura;Ambas nacionalidades;2019;7,18
11 Extremadura;Ambas nacionalidades;2018;7,31
11 Extremadura;Ambas nacionalidades;2017;7,9
11 Extremadura;Ambas nacionalidades;2016;8,11
11 Extremadura;Ambas nacionalidades;2015;8,17
11 Extremadura;Ambas nacionalidades;2014;8,38
11 Extremadura;Ambas nacionalidades;2013;8,08
11 Extremadura;Ambas nacionalidades;2012;8,55
11 Extremadura;Ambas nacionalidades;2011;9,01
11 Extremadura;Ambas nacionalidades;2010;9,2
11 Extremadura;Ambas nacionalidades;2009;9,4
11 Extremadura;Ambas nacionalidades;2008;9,84
11 Extremadura;Ambas nacionalidades;2007;9,19
11 Extremadura;Ambas nacionalidades;2006;9,39
11 Extremadura;Ambas nacionalidades;2005;9,32
11 Extremadura;Ambas nacionalidades;2004;9,28
11 Extremadura;Ambas nacionalidades;2003;9,38
11 Extremadura;Ambas nacionalidades;2002;9,24
11 Extremadura;Española;2024;5,82
11 Extremadura;Española;2023;6,18
11 Extremadura;Española;2022;6,15
11 Extremadura;Española;2021;6,55
11 Extremadura;Española;2020;6,58
11 Extremadura;Española;2019;6,81
11 Extremadura;Española;2018;6,97
11 Extremadura;Española;2017;7,6
11 Extremadura;Española;2016;7,81
11 Extremadura;Española;2015;7,89
11 Extremadura;Española;2014;8,11
11 Extremadura;Española;2013;7,82
11 Extremadura;Española;2012;8,31
11 Extremadura;Española;2011;8,67
11 Extremadura;Española;2010;8,82
11 Extremadura;Española;2009;9,05
11 Extremadura;Española;2008;9,45
11 Extremadura;Española;2007;8,89
11 Extremadura;Española;2006;9,13
11 Extremadura;Española;2005;9,06
11 Extremadura;Española;2004;8,98
11 Extremadura;Española;2003;9,17
11 Extremadura;Española;2002;9,05
11 Extremadura;Extranjera;2024;14,72
11 Extremadura;Extranjera;2023;13,21
11 Extremadura;Extranjera;2022;14,7
11 Extremadura;Extranjera;2021;15,36
11 Extremadura;Extranjera;2020;17,65
11 Extremadura;Extranjera;2019;18,78
11 Extremadura;Extranjera;2018;18,66
11 Extremadura;Extranjera;2017;18,14
11 Extremadura;Extranjera;2016;18,12
11 Extremadura;Extranjera;2015;17,1
11 Extremadura;Extranjera;2014;16,5
11 Extremadura;Extranjera;2013;15,71
11 Extremadura;Extranjera;2012;15,11
11 Extremadura;Extranjera;2011;18,3
11 Extremadura;Extranjera;2010;20
11 Extremadura;Extranjera;2009;19,55
11 Extremadura;Extranjera;2008;21,51
11 Extremadura;Extranjera;2007;19,37
11 Extremadura;Extranjera;2006;19,66
11 Extremadura;Extranjera;2005;20,86
11 Extremadura;Extranjera;2004;25,37
11 Extremadura;Extranjera;2003;22,09
11 Extremadura;Extranjera;2002;23,63
12 Galicia;Ambas nacionalidades;2024;4,93
12 Galicia;Ambas nacionalidades;2023;5,18
12 Galicia;Ambas nacionalidades;2022;5,38
12 Galicia;Ambas nacionalidades;2021;5,49
12 Galicia;Ambas nacionalidades;2020;5,65
12 Galicia;Ambas nacionalidades;2019;5,82
12 Galicia;Ambas nacionalidades;2018;6,14
12 Galicia;Ambas nacionalidades;2017;6,82
12 Galicia;Ambas nacionalidades;2016;7,03
12 Galicia;Ambas nacionalidades;2015;7,13
12 Galicia;Ambas nacionalidades;2014;7,17
12 Galicia;Ambas nacionalidades;2013;7,17
12 Galicia;Ambas nacionalidades;2012;7,63
12 Galicia;Ambas nacionalidades;2011;7,79
12 Galicia;Ambas nacionalidades;2010;7,95
12 Galicia;Ambas nacionalidades;2009;8,14
12 Galicia;Ambas nacionalidades;2008;8,4
12 Galicia;Ambas nacionalidades;2007;7,92
12 Galicia;Ambas nacionalidades;2006;7,83
12 Galicia;Ambas nacionalidades;2005;7,74
12 Galicia;Ambas nacionalidades;2004;7,6
12 Galicia;Ambas nacionalidades;2003;7,54
12 Galicia;Ambas nacionalidades;2002;7,16
12 Galicia;Española;2024;4,43
12 Galicia;Española;2023;4,75
12 Galicia;Española;2022;4,98
12 Galicia;Española;2021;5,13
12 Galicia;Española;2020;5,29
12 Galicia;Española;2019;5,45
12 Galicia;Española;2018;5,81
12 Galicia;Española;2017;6,53
12 Galicia;Española;2016;6,78
12 Galicia;Española;2015;6,91
12 Galicia;Española;2014;6,91
12 Galicia;Española;2013;6,9
12 Galicia;Española;2012;7,33
12 Galicia;Española;2011;7,51
12 Galicia;Española;2010;7,59
12 Galicia;Española;2009;7,77
12 Galicia;Española;2008;8,03
12 Galicia;Española;2007;7,62
12 Galicia;Española;2006;7,58
12 Galicia;Española;2005;7,48
12 Galicia;Española;2004;7,36
12 Galicia;Española;2003;7,32
12 Galicia;Española;2002;6,97
12 Galicia;Extranjera;2024;12,64
12 Galicia;Extranjera;2023;12,74
12 Galicia;Extranjera;2022;13,18
12 Galicia;Extranjera;2021;13,33
12 Galicia;Extranjera;2020;14,04
12 Galicia;Extranjera;2019;15,33
12 Galicia;Extranjera;2018;15,36
12 Galicia;Extranjera;2017;15,63
12 Galicia;Extranjera;2016;14,86
12 Galicia;Extranjera;2015;13,97
12 Galicia;Extranjera;2014;15,04
12 Galicia;Extranjera;2013;14,47
12 Galicia;Extranjera;2012;15,33
12 Galicia;Extranjera;2011;15,08
12 Galicia;Extranjera;2010;17,39
12 Galicia;Extranjera;2009;17,72
12 Galicia;Extranjera;2008;18,43
12 Galicia;Extranjera;2007;17,08
12 Galicia;Extranjera;2006;16,59
12 Galicia;Extranjera;2005;18,1
12 Galicia;Extranjera;2004;18,25
12 Galicia;Extranjera;2003;18,8
12 Galicia;Extranjera;2002;18,54
13 Madrid, Comunidad de;Ambas nacionalidades;2024;7,19
13 Madrid, Comunidad de;Ambas nacionalidades;2023;7,25
13 Madrid, Comunidad de;Ambas nacionalidades;2022;7,49
13 Madrid, Comunidad de;Ambas nacionalidades;2021;7,63
13 Madrid, Comunidad de;Ambas nacionalidades;2020;7,78
13 Madrid, Comunidad de;Ambas nacionalidades;2019;8,37
13 Madrid, Comunidad de;Ambas nacionalidades;2018;8,77
13 Madrid, Comunidad de;Ambas nacionalidades;2017;9,34
13 Madrid, Comunidad de;Ambas nacionalidades;2016;9,81
13 Madrid, Comunidad de;Ambas nacionalidades;2015;10,15
13 Madrid, Comunidad de;Ambas nacionalidades;2014;10,28
13 Madrid, Comunidad de;Ambas nacionalidades;2013;10,23
13 Madrid, Comunidad de;Ambas nacionalidades;2012;10,8
13 Madrid, Comunidad de;Ambas nacionalidades;2011;11,24
13 Madrid, Comunidad de;Ambas nacionalidades;2010;11,57
13 Madrid, Comunidad de;Ambas nacionalidades;2009;11,95
13 Madrid, Comunidad de;Ambas nacionalidades;2008;12,54
13 Madrid, Comunidad de;Ambas nacionalidades;2007;12,16
13 Madrid, Comunidad de;Ambas nacionalidades;2006;11,98
13 Madrid, Comunidad de;Ambas nacionalidades;2005;11,73
13 Madrid, Comunidad de;Ambas nacionalidades;2004;11,88
13 Madrid, Comunidad de;Ambas nacionalidades;2003;11,75
13 Madrid, Comunidad de;Ambas nacionalidades;2002;11,36
13 Madrid, Comunidad de;Española;2024;6,28
13 Madrid, Comunidad de;Española;2023;6,38
13 Madrid, Comunidad de;Española;2022;6,55
13 Madrid, Comunidad de;Española;2021;6,76
13 Madrid, Comunidad de;Española;2020;6,77
13 Madrid, Comunidad de;Española;2019;7,24
13 Madrid, Comunidad de;Española;2018;7,63
13 Madrid, Comunidad de;Española;2017;8,23
13 Madrid, Comunidad de;Española;2016;8,72
13 Madrid, Comunidad de;Española;2015;9,09
13 Madrid, Comunidad de;Española;2014;9,17
13 Madrid, Comunidad de;Española;2013;9,11
13 Madrid, Comunidad de;Española;2012;9,61
13 Madrid, Comunidad de;Española;2011;10,07
13 Madrid, Comunidad de;Española;2010;10,21
13 Madrid, Comunidad de;Española;2009;10,52
13 Madrid, Comunidad de;Española;2008;10,86
13 Madrid, Comunidad de;Española;2007;10,63
13 Madrid, Comunidad de;Española;2006;10,69
13 Madrid, Comunidad de;Española;2005;10,6
13 Madrid, Comunidad de;Española;2004;10,74
13 Madrid, Comunidad de;Española;2003;10,66
13 Madrid, Comunidad de;Española;2002;10,25
13 Madrid, Comunidad de;Extranjera;2024;11,86
13 Madrid, Comunidad de;Extranjera;2023;11,95
13 Madrid, Comunidad de;Extranjera;2022;12,97
13 Madrid, Comunidad de;Extranjera;2021;13,02
13 Madrid, Comunidad de;Extranjera;2020;14,2
13 Madrid, Comunidad de;Extranjera;2019;16,09
13 Madrid, Comunidad de;Extranjera;2018;17,23
13 Madrid, Comunidad de;Extranjera;2017;18,11
13 Madrid, Comunidad de;Extranjera;2016;18,57
13 Madrid, Comunidad de;Extranjera;2015;18,6
13 Madrid, Comunidad de;Extranjera;2014;18,71
13 Madrid, Comunidad de;Extranjera;2013;17,74
13 Madrid, Comunidad de;Extranjera;2012;18,02
13 Madrid, Comunidad de;Extranjera;2011;17,91
13 Madrid, Comunidad de;Extranjera;2010;18,97
13 Madrid, Comunidad de;Extranjera;2009;19,42
13 Madrid, Comunidad de;Extranjera;2008;21,44
13 Madrid, Comunidad de;Extranjera;2007;20,88
13 Madrid, Comunidad de;Extranjera;2006;20,23
13 Madrid, Comunidad de;Extranjera;2005;19,5
13 Madrid, Comunidad de;Extranjera;2004;20,7
13 Madrid, Comunidad de;Extranjera;2003;21,05
13 Madrid, Comunidad de;Extranjera;2002;23,26
14 Murcia, Región de;Ambas nacionalidades;2024;7,93
14 Murcia, Región de;Ambas nacionalidades;2023;8,24
14 Murcia, Región de;Ambas nacionalidades;2022;8,69
14 Murcia, Región de;Ambas nacionalidades;2021;9,07
14 Murcia, Región de;Ambas nacionalidades;2020;9,05
14 Murcia, Región de;Ambas nacionalidades;2019;9,52
14 Murcia, Región de;Ambas nacionalidades;2018;9,9
14 Murcia, Región de;Ambas nacionalidades;2017;10,22
14 Murcia, Región de;Ambas nacionalidades;2016;10,56
14 Murcia, Región de;Ambas nacionalidades;2015;10,9
14 Murcia, Región de;Ambas nacionalidades;2014;11,14
14 Murcia, Región de;Ambas nacionalidades;2013;11,02
14 Murcia, Región de;Ambas nacionalidades;2012;11,42
14 Murcia, Región de;Ambas nacionalidades;2011;11,91
14 Murcia, Región de;Ambas nacionalidades;2010;12,38
14 Murcia, Región de;Ambas nacionalidades;2009;12,82
14 Murcia, Región de;Ambas nacionalidades;2008;13,54
14 Murcia, Región de;Ambas nacionalidades;2007;13,24
14 Murcia, Región de;Ambas nacionalidades;2006;13,23
14 Murcia, Región de;Ambas nacionalidades;2005;12,98
14 Murcia, Región de;Ambas nacionalidades;2004;12,91
14 Murcia, Región de;Ambas nacionalidades;2003;13,04
14 Murcia, Región de;Ambas nacionalidades;2002;12,65
14 Murcia, Región de;Española;2024;6,81
14 Murcia, Región de;Española;2023;7,14
14 Murcia, Región de;Española;2022;7,5
14 Murcia, Región de;Española;2021;7,99
14 Murcia, Región de;Española;2020;7,76
14 Murcia, Región de;Española;2019;8,16
14 Murcia, Región de;Española;2018;8,6
14 Murcia, Región de;Española;2017;9,01
14 Murcia, Región de;Española;2016;9,38
14 Murcia, Región de;Española;2015;9,81
14 Murcia, Región de;Española;2014;10,1
14 Murcia, Región de;Española;2013;10,01
14 Murcia, Región de;Española;2012;10,3
14 Murcia, Región de;Española;2011;10,72
14 Murcia, Región de;Española;2010;11,08
14 Murcia, Región de;Española;2009;11,4
14 Murcia, Región de;Española;2008;11,92
14 Murcia, Región de;Española;2007;11,77
14 Murcia, Región de;Española;2006;12,09
14 Murcia, Región de;Española;2005;11,9
14 Murcia, Región de;Española;2004;11,77
14 Murcia, Región de;Española;2003;11,89
14 Murcia, Región de;Española;2002;11,58
14 Murcia, Región de;Extranjera;2024;13,92
14 Murcia, Región de;Extranjera;2023;14,36
14 Murcia, Región de;Extranjera;2022;15,44
14 Murcia, Región de;Extranjera;2021;15,35
14 Murcia, Región de;Extranjera;2020;16,63
14 Murcia, Región de;Extranjera;2019;17,73
14 Murcia, Región de;Extranjera;2018;18,16
14 Murcia, Región de;Extranjera;2017;17,89
14 Murcia, Región de;Extranjera;2016;17,96
14 Murcia, Región de;Extranjera;2015;17,63
14 Murcia, Región de;Extranjera;2014;17,45
14 Murcia, Región de;Extranjera;2013;16,86
14 Murcia, Región de;Extranjera;2012;17,7
14 Murcia, Región de;Extranjera;2011;18,36
14 Murcia, Región de;Extranjera;2010;19,17
14 Murcia, Región de;Extranjera;2009;20,11
14 Murcia, Región de;Extranjera;2008;22,02
14 Murcia, Región de;Extranjera;2007;21,35
14 Murcia, Región de;Extranjera;2006;20,32
14 Murcia, Región de;Extranjera;2005;20,43
14 Murcia, Región de;Extranjera;2004;22,49
14 Murcia, Región de;Extranjera;2003;24,41
14 Murcia, Región de;Extranjera;2002;26,12
15 Navarra, Comunidad Foral de;Ambas nacionalidades;2024;6,71
15 Navarra, Comunidad Foral de;Ambas nacionalidades;2023;6,66
15 Navarra, Comunidad Foral de;Ambas nacionalidades;2022;7,12
15 Navarra, Comunidad Foral de;Ambas nacionalidades;2021;7,71
15 Navarra, Comunidad Foral de;Ambas nacionalidades;2020;7,62
15 Navarra, Comunidad Foral de;Ambas nacionalidades;2019;8,19
15 Navarra, Comunidad Foral de;Ambas nacionalidades;2018;8,32
15 Navarra, Comunidad Foral de;Ambas nacionalidades;2017;8,93
15 Navarra, Comunidad Foral de;Ambas nacionalidades;2016;9,21
15 Navarra, Comunidad Foral de;Ambas nacionalidades;2015;9,42
15 Navarra, Comunidad Foral de;Ambas nacionalidades;2014;9,71
15 Navarra, Comunidad Foral de;Ambas nacionalidades;2013;9,53
15 Navarra, Comunidad Foral de;Ambas nacionalidades;2012;10,53
15 Navarra, Comunidad Foral de;Ambas nacionalidades;2011;10,57
15 Navarra, Comunidad Foral de;Ambas nacionalidades;2010;10,67
15 Navarra, Comunidad Foral de;Ambas nacionalidades;2009;10,86
15 Navarra, Comunidad Foral de;Ambas nacionalidades;2008;11,3
15 Navarra, Comunidad Foral de;Ambas nacionalidades;2007;10,82
15 Navarra, Comunidad Foral de;Ambas nacionalidades;2006;10,98
15 Navarra, Comunidad Foral de;Ambas nacionalidades;2005;10,46
15 Navarra, Comunidad Foral de;Ambas nacionalidades;2004;10,85
15 Navarra, Comunidad Foral de;Ambas nacionalidades;2003;10,8
15 Navarra, Comunidad Foral de;Ambas nacionalidades;2002;10,31
15 Navarra, Comunidad Foral de;Española;2024;5,5
15 Navarra, Comunidad Foral de;Española;2023;5,48
15 Navarra, Comunidad Foral de;Española;2022;5,87
15 Navarra, Comunidad Foral de;Española;2021;6,52
15 Navarra, Comunidad Foral de;Española;2020;6,27
15 Navarra, Comunidad Foral de;Española;2019;6,79
15 Navarra, Comunidad Foral de;Española;2018;7,09
15 Navarra, Comunidad Foral de;Española;2017;7,71
15 Navarra, Comunidad Foral de;Española;2016;8,24
15 Navarra, Comunidad Foral de;Española;2015;8,4
15 Navarra, Comunidad Foral de;Española;2014;8,85
15 Navarra, Comunidad Foral de;Española;2013;8,64
15 Navarra, Comunidad Foral de;Española;2012;9,39
15 Navarra, Comunidad Foral de;Española;2011;9,52
15 Navarra, Comunidad Foral de;Española;2010;9,36
15 Navarra, Comunidad Foral de;Española;2009;9,64
15 Navarra, Comunidad Foral de;Española;2008;9,99
15 Navarra, Comunidad Foral de;Española;2007;9,63
15 Navarra, Comunidad Foral de;Española;2006;9,82
15 Navarra, Comunidad Foral de;Española;2005;9,59
15 Navarra, Comunidad Foral de;Española;2004;9,94
15 Navarra, Comunidad Foral de;Española;2003;10
15 Navarra, Comunidad Foral de;Española;2002;9,69
15 Navarra, Comunidad Foral de;Extranjera;2024;14,87
15 Navarra, Comunidad Foral de;Extranjera;2023;15
15 Navarra, Comunidad Foral de;Extranjera;2022;16,7
15 Navarra, Comunidad Foral de;Extranjera;2021;17,43
15 Navarra, Comunidad Foral de;Extranjera;2020;18,86
15 Navarra, Comunidad Foral de;Extranjera;2019;20,92
15 Navarra, Comunidad Foral de;Extranjera;2018;20,5
15 Navarra, Comunidad Foral de;Extranjera;2017;22,22
15 Navarra, Comunidad Foral de;Extranjera;2016;20,21
15 Navarra, Comunidad Foral de;Extranjera;2015;20,87
15 Navarra, Comunidad Foral de;Extranjera;2014;19,15
15 Navarra, Comunidad Foral de;Extranjera;2013;18,44
15 Navarra, Comunidad Foral de;Extranjera;2012;20,93
15 Navarra, Comunidad Foral de;Extranjera;2011;19,68
15 Navarra, Comunidad Foral de;Extranjera;2010;21,81
15 Navarra, Comunidad Foral de;Extranjera;2009;21,12
15 Navarra, Comunidad Foral de;Extranjera;2008;22,48
15 Navarra, Comunidad Foral de;Extranjera;2007;21,96
15 Navarra, Comunidad Foral de;Extranjera;2006;23,63
15 Navarra, Comunidad Foral de;Extranjera;2005;20,7
15 Navarra, Comunidad Foral de;Extranjera;2004;22,56
15 Navarra, Comunidad Foral de;Extranjera;2003;22,2
15 Navarra, Comunidad Foral de;Extranjera;2002;21,41
16 País Vasco;Ambas nacionalidades;2024;5,79
16 País Vasco;Ambas nacionalidades;2023;6,06
16 País Vasco;Ambas nacionalidades;2022;6,18
16 País Vasco;Ambas nacionalidades;2021;6,46
16 País Vasco;Ambas nacionalidades;2020;6,66
16 País Vasco;Ambas nacionalidades;2019;7,01
16 País Vasco;Ambas nacionalidades;2018;7,35
16 País Vasco;Ambas nacionalidades;2017;7,83
16 País Vasco;Ambas nacionalidades;2016;8,38
16 País Vasco;Ambas nacionalidades;2015;8,68
16 País Vasco;Ambas nacionalidades;2014;8,92
16 País Vasco;Ambas nacionalidades;2013;8,79
16 País Vasco;Ambas nacionalidades;2012;9,42
16 País Vasco;Ambas nacionalidades;2011;9,69
16 País Vasco;Ambas nacionalidades;2010;9,71
16 País Vasco;Ambas nacionalidades;2009;9,6
16 País Vasco;Ambas nacionalidades;2008;9,83
16 País Vasco;Ambas nacionalidades;2007;9,57
16 País Vasco;Ambas nacionalidades;2006;9,38
16 País Vasco;Ambas nacionalidades;2005;9,29
16 País Vasco;Ambas nacionalidades;2004;9,29
16 País Vasco;Ambas nacionalidades;2003;9,19
16 País Vasco;Ambas nacionalidades;2002;8,69
16 País Vasco;Española;2024;4,72
16 País Vasco;Española;2023;4,99
16 País Vasco;Española;2022;5,2
16 País Vasco;Española;2021;5,53
16 País Vasco;Española;2020;5,63
16 País Vasco;Española;2019;5,94
16 País Vasco;Española;2018;6,31
16 País Vasco;Española;2017;6,88
16 País Vasco;Española;2016;7,38
16 País Vasco;Española;2015;7,72
16 País Vasco;Española;2014;8,04
16 País Vasco;Española;2013;7,94
16 País Vasco;Española;2012;8,57
16 País Vasco;Española;2011;8,88
16 País Vasco;Española;2010;8,92
16 País Vasco;Española;2009;8,71
16 País Vasco;Española;2008;8,98
16 País Vasco;Española;2007;8,96
16 País Vasco;Española;2006;8,94
16 País Vasco;Española;2005;8,92
16 País Vasco;Española;2004;8,96
16 País Vasco;Española;2003;8,9
16 País Vasco;Española;2002;8,45
16 País Vasco;Extranjera;2024;15,53
16 País Vasco;Extranjera;2023;16,4
16 País Vasco;Extranjera;2022;16,52
16 País Vasco;Extranjera;2021;16,93
16 País Vasco;Extranjera;2020;18,46
16 País Vasco;Extranjera;2019;20,66
16 País Vasco;Extranjera;2018;22,14
16 País Vasco;Extranjera;2017;22,72
16 País Vasco;Extranjera;2016;25,07
16 País Vasco;Extranjera;2015;25,18
16 País Vasco;Extranjera;2014;24,1
16 País Vasco;Extranjera;2013;22,4
16 País Vasco;Extranjera;2012;22,13
16 País Vasco;Extranjera;2011;21,23
16 País Vasco;Extranjera;2010;20,83
16 País Vasco;Extranjera;2009;22,41
16 País Vasco;Extranjera;2008;22,92
16 País Vasco;Extranjera;2007;20,26
16 País Vasco;Extranjera;2006;18,76
16 País Vasco;Extranjera;2005;18,42
16 País Vasco;Extranjera;2004;19,2
16 País Vasco;Extranjera;2003;19,99
16 País Vasco;Extranjera;2002;20,62
17 Rioja, La;Ambas nacionalidades;2024;6,3
17 Rioja, La;Ambas nacionalidades;2023;6,18
17 Rioja, La;Ambas nacionalidades;2022;6,83
17 Rioja, La;Ambas nacionalidades;2021;6,86
17 Rioja, La;Ambas nacionalidades;2020;7,26
17 Rioja, La;Ambas nacionalidades;2019;7,6
17 Rioja, La;Ambas nacionalidades;2018;7,4
17 Rioja, La;Ambas nacionalidades;2017;8,17
17 Rioja, La;Ambas nacionalidades;2016;8,48
17 Rioja, La;Ambas nacionalidades;2015;8,7
17 Rioja, La;Ambas nacionalidades;2014;9
17 Rioja, La;Ambas nacionalidades;2013;9,15
17 Rioja, La;Ambas nacionalidades;2012;9,96
17 Rioja, La;Ambas nacionalidades;2011;9,88
17 Rioja, La;Ambas nacionalidades;2010;10,55
17 Rioja, La;Ambas nacionalidades;2009;10,41
17 Rioja, La;Ambas nacionalidades;2008;11,05
17 Rioja, La;Ambas nacionalidades;2007;10,47
17 Rioja, La;Ambas nacionalidades;2006;10,07
17 Rioja, La;Ambas nacionalidades;2005;10,11
17 Rioja, La;Ambas nacionalidades;2004;9,99
17 Rioja, La;Ambas nacionalidades;2003;9,98
17 Rioja, La;Ambas nacionalidades;2002;9,16
17 Rioja, La;Española;2024;5,04
17 Rioja, La;Española;2023;4,98
17 Rioja, La;Española;2022;5,42
17 Rioja, La;Española;2021;5,64
17 Rioja, La;Española;2020;5,9
17 Rioja, La;Española;2019;6,08
17 Rioja, La;Española;2018;6
17 Rioja, La;Española;2017;6,63
17 Rioja, La;Española;2016;6,99
17 Rioja, La;Española;2015;7,35
17 Rioja, La;Española;2014;7,8
17 Rioja, La;Española;2013;7,77
17 Rioja, La;Española;2012;8,45
17 Rioja, La;Española;2011;8,13
17 Rioja, La;Española;2010;8,59
17 Rioja, La;Española;2009;8,79
17 Rioja, La;Española;2008;9,06
17 Rioja, La;Española;2007;8,62
17 Rioja, La;Española;2006;8,54
17 Rioja, La;Española;2005;8,76
17 Rioja, La;Española;2004;8,89
17 Rioja, La;Española;2003;9,02
17 Rioja, La;Española;2002;8,45
17 Rioja, La;Extranjera;2024;13,6
17 Rioja, La;Extranjera;2023;13,53
17 Rioja, La;Extranjera;2022;15,97
17 Rioja, La;Extranjera;2021;15,2
17 Rioja, La;Extranjera;2020;16,79
17 Rioja, La;Extranjera;2019;18,97
17 Rioja, La;Extranjera;2018;18,57
17 Rioja, La;Extranjera;2017;20,87
17 Rioja, La;Extranjera;2016;20,95
17 Rioja, La;Extranjera;2015;19,93
17 Rioja, La;Extranjera;2014;18,6
17 Rioja, La;Extranjera;2013;19,01
17 Rioja, La;Extranjera;2012;19,79
17 Rioja, La;Extranjera;2011;20,78
17 Rioja, La;Extranjera;2010;22,65
17 Rioja, La;Extranjera;2009;20,19
17 Rioja, La;Extranjera;2008;23,03
17 Rioja, La;Extranjera;2007;22,78
17 Rioja, La;Extranjera;2006;21,83
17 Rioja, La;Extranjera;2005;21,39
17 Rioja, La;Extranjera;2004;20,8
17 Rioja, La;Extranjera;2003;21,47
17 Rioja, La;Extranjera;2002;20,02
18 Ceuta;Ambas nacionalidades;2024;8,22
18 Ceuta;Ambas nacionalidades;2023;8,22
18 Ceuta;Ambas nacionalidades;2022;8,77
18 Ceuta;Ambas nacionalidades;2021;8,6
18 Ceuta;Ambas nacionalidades;2020;9,98
18 Ceuta;Ambas nacionalidades;2019;9,92
18 Ceuta;Ambas nacionalidades;2018;11,41
18 Ceuta;Ambas nacionalidades;2017;12,28
18 Ceuta;Ambas nacionalidades;2016;12,52
18 Ceuta;Ambas nacionalidades;2015;12,99
18 Ceuta;Ambas nacionalidades;2014;14,23
18 Ceuta;Ambas nacionalidades;2013;12,86
18 Ceuta;Ambas nacionalidades;2012;13,4
18 Ceuta;Ambas nacionalidades;2011;14,06
18 Ceuta;Ambas nacionalidades;2010;14,79
18 Ceuta;Ambas nacionalidades;2009;14,81
18 Ceuta;Ambas nacionalidades;2008;15,37
18 Ceuta;Ambas nacionalidades;2007;15,24
18 Ceuta;Ambas nacionalidades;2006;14,2
18 Ceuta;Ambas nacionalidades;2005;14,75
18 Ceuta;Ambas nacionalidades;2004;14,82
18 Ceuta;Ambas nacionalidades;2003;14,26
18 Ceuta;Ambas nacionalidades;2002;14,44
18 Ceuta;Española;2024;7,17
18 Ceuta;Española;2023;7,02
18 Ceuta;Española;2022;7,87
18 Ceuta;Española;2021;7,53
18 Ceuta;Española;2020;8,2
18 Ceuta;Española;2019;8,4
18 Ceuta;Española;2018;9,4
18 Ceuta;Española;2017;10,35
18 Ceuta;Española;2016;10,74
18 Ceuta;Española;2015;11,23
18 Ceuta;Española;2014;12,42
18 Ceuta;Española;2013;11,07
18 Ceuta;Española;2012;11,96
18 Ceuta;Española;2011;12,19
18 Ceuta;Española;2010;12,5
18 Ceuta;Española;2009;12,58
18 Ceuta;Española;2008;13,06
18 Ceuta;Española;2007;13,62
18 Ceuta;Española;2006;12,79
18 Ceuta;Española;2005;13,48
18 Ceuta;Española;2004;13,23
18 Ceuta;Española;2003;13,12
18 Ceuta;Española;2002;13,08
18 Ceuta;Extranjera;2024;24,08
18 Ceuta;Extranjera;2023;27,06
18 Ceuta;Extranjera;2022;22,96
18 Ceuta;Extranjera;2021;24,76
18 Ceuta;Extranjera;2020;34,94
18 Ceuta;Extranjera;2019;31,19
18 Ceuta;Extranjera;2018;40,16
18 Ceuta;Extranjera;2017;39,72
18 Ceuta;Extranjera;2016;39,38
18 Ceuta;Extranjera;2015;40,67
18 Ceuta;Extranjera;2014;43,6
18 Ceuta;Extranjera;2013;38,25
18 Ceuta;Extranjera;2012;33
18 Ceuta;Extranjera;2011;41,19
18 Ceuta;Extranjera;2010;52,47
18 Ceuta;Extranjera;2009;56,74
18 Ceuta;Extranjera;2008;63,58
18 Ceuta;Extranjera;2007;50,34
18 Ceuta;Extranjera;2006;44,68
18 Ceuta;Extranjera;2005;43,8
18 Ceuta;Extranjera;2004;49,76
18 Ceuta;Extranjera;2003;38,97
18 Ceuta;Extranjera;2002;43,29
19 Melilla;Ambas nacionalidades;2024;9,19
19 Melilla;Ambas nacionalidades;2023;8,99
19 Melilla;Ambas nacionalidades;2022;10,49
19 Melilla;Ambas nacionalidades;2021;10,89
19 Melilla;Ambas nacionalidades;2020;11,11
19 Melilla;Ambas nacionalidades;2019;14,32
19 Melilla;Ambas nacionalidades;2018;15,55
19 Melilla;Ambas nacionalidades;2017;15,6
19 Melilla;Ambas nacionalidades;2016;17,02
19 Melilla;Ambas nacionalidades;2015;17,71
19 Melilla;Ambas nacionalidades;2014;19,25
19 Melilla;Ambas nacionalidades;2013;18
19 Melilla;Ambas nacionalidades;2012;18,33
19 Melilla;Ambas nacionalidades;2011;18,15
19 Melilla;Ambas nacionalidades;2010;17,55
19 Melilla;Ambas nacionalidades;2009;17,09
19 Melilla;Ambas nacionalidades;2008;17,34
19 Melilla;Ambas nacionalidades;2007;15,87
19 Melilla;Ambas nacionalidades;2006;16,52
19 Melilla;Ambas nacionalidades;2005;15,25
19 Melilla;Ambas nacionalidades;2004;15,39
19 Melilla;Ambas nacionalidades;2003;17,04
19 Melilla;Ambas nacionalidades;2002;16,02
19 Melilla;Española;2024;7,54
19 Melilla;Española;2023;7,42
19 Melilla;Española;2022;8,43
19 Melilla;Española;2021;8,84
19 Melilla;Española;2020;8,4
19 Melilla;Española;2019;9,63
19 Melilla;Española;2018;10,65
19 Melilla;Española;2017;9,85
19 Melilla;Española;2016;11,07
19 Melilla;Española;2015;11,33
19 Melilla;Española;2014;12,71
19 Melilla;Española;2013;12,35
19 Melilla;Española;2012;11,92
19 Melilla;Española;2011;12,4
19 Melilla;Española;2010;12,37
19 Melilla;Española;2009;12,23
19 Melilla;Española;2008;12,43
19 Melilla;Española;2007;11,33
19 Melilla;Española;2006;11,72
19 Melilla;Española;2005;11,1
19 Melilla;Española;2004;11,57
19 Melilla;Española;2003;12,1
19 Melilla;Española;2002;11,92
19 Melilla;Extranjera;2024;19,83
19 Melilla;Extranjera;2023;19,42
19 Melilla;Extranjera;2022;23,97
19 Melilla;Extranjera;2021;23,6
19 Melilla;Extranjera;2020;26,86
19 Melilla;Extranjera;2019;41,2
19 Melilla;Extranjera;2018;43,89
19 Melilla;Extranjera;2017;49,11
19 Melilla;Extranjera;2016;52,71
19 Melilla;Extranjera;2015;56,9
19 Melilla;Extranjera;2014;61,05
19 Melilla;Extranjera;2013;52,16
19 Melilla;Extranjera;2012;56,76
19 Melilla;Extranjera;2011;55,62
19 Melilla;Extranjera;2010;53,44
19 Melilla;Extranjera;2009;53,11
19 Melilla;Extranjera;2008;57,11
19 Melilla;Extranjera;2007;56,76
19 Melilla;Extranjera;2006;66,33
19 Melilla;Extranjera;2005;64,04
19 Melilla;Extranjera;2004;69,46
19 Melilla;Extranjera;2003;72,98
19 Melilla;Extranjera;2002;54,43
